id;numero;sexe;datenaissance
1;monitor;clear-thinking bifurcated;2021-03-27T03:32:49
2;Tala Computer;Avon;2021-03-27T01:14:25
3;adapter solid Consultant;Fields;2021-03-27T13:51:10
4;Checking;Chief;2021-03-27T07:54:22
5;Avon 1080p Ergonomic;Identity Kansas Guam;2021-03-26T20:41:15
6;explicit;withdrawal sexy Jewelery;2021-03-26T21:54:56
7;Integration Digitized;24/7;2021-03-27T12:02:33
8;calculating salmon;Response explicit Table;2021-03-27T02:30:28
9;transitional mission-critical override;Gorgeous SMS;2021-03-27T08:20:39
10;Small olive auxiliary;Practical overriding Open-source;2021-03-27T06:50:24
